{"Austria": {"CO2_capita": {"value": 7.2, "scale": 359.6491228070175}, "Pop": "8.847", "Animals_capita": {"value": 1954391.0, "scale": 101.34495671008843}, "Waste_capita": {"value": 574.395, "scale": 560.3053828671104}, "Forest_ratio": {"value": "N/A", "scale": "N/A"}}, "Belgium": {"CO2_capita": {"value": 8.1, "scale": 438.59649122807014}, "Pop": "11.404", "Animals_capita": {"value": 2385988.0, "scale": 123.79186454122721}, "Waste_capita": {"value": 407.635, "scale": 202.07770335586042}, "Forest_ratio": {"value": "N/A", "scale": "N/A"}}, "Czechia": {"CO2_capita": {"value": 9.6, "scale": 570.1754385964912}, "Pop": "10.631", "Forest_ratio": {"value": 0.876, "scale": 1000.0000000000001}, "Animals_capita": {"value": 1421242.0, "scale": 73.61643574431754}, "Waste_capita": {"value": 343.083, "scale": 63.40947855488779}}, "Denmark": {"CO2_capita": {"value": 5.8, "scale": 236.84210526315786}, "Pop": "5.786", "Forest_ratio": {"value": 0.673, "scale": 516.6666666666667}, "Animals_capita": {"value": 1545417.0, "scale": 80.07464740920784}, "Waste_capita": {"value": 779.079, "scale": 1000.0000000000001}}, "Finland": {"CO2_capita": {"value": 8.3, "scale": 456.14035087719304}, "Pop": "5.518", "Forest_ratio": {"value": 0.815, "scale": 854.7619047619047}, "Animals_capita": {"value": 893178.0, "scale": 46.152380301526065}, "Waste_capita": {"value": 509.048, "scale": 419.92936839708375}}, "France": {"CO2_capita": {"value": 4.4, "scale": 114.03508771929826}, "Pop": "65.127", "Forest_ratio": {"value": 0.466, "scale": 23.80952380952383}, "Animals_capita": {"value": 19233244.0, "scale": 1000.0}, "Waste_capita": {"value": 514.227, "scale": 431.0547051216505}}, "Germany": {"CO2_capita": {"value": 8.9, "scale": 508.7719298245614}, "Pop": "82.8", "Forest_ratio": {"value": 0.75, "scale": 700.0}, "Animals_capita": {"value": 12281195.0, "scale": 638.4312144418043}, "Waste_capita": {"value": 637.429, "scale": 695.7126960735876}}, "Greece": {"CO2_capita": {"value": 5.9, "scale": 245.6140350877193}, "Pop": "10.6", "Animals_capita": {"value": 556000.0, "scale": 28.61610574751453}, "Waste_capita": {"value": 485.225, "scale": 368.75367872931866}, "Forest_ratio": {"value": "N/A", "scale": "N/A"}}, "Hungary": {"CO2_capita": {"value": 4.5, "scale": 122.80701754385963}, "Pop": "9.758", "Forest_ratio": {"value": 0.583, "scale": 302.3809523809523}, "Animals_capita": {"value": 852000.0, "scale": 44.01075565939316}, "Waste_capita": {"value": 387.592, "scale": 159.02207022774826}}, "Ireland": {"CO2_capita": {"value": 7.9, "scale": 421.0526315789474}, "Pop": "4.857", "Forest_ratio": {"value": 0.456, "scale": 0.0}, "Animals_capita": {"value": 7363500.0, "scale": 382.66704924452057}, "Waste_capita": {"value": 584.664, "scale": 582.3648697998343}}, "Italy": {"CO2_capita": {"value": 5.4, "scale": 201.75438596491227}, "Pop": "60.551", "Animals_capita": {"value": 5949393.0, "scale": 309.1208255859498}, "Waste_capita": {"value": 498.367, "scale": 396.9848382647999}, "Forest_ratio": {"value": "N/A", "scale": "N/A"}}, "Luxembourg": {"CO2_capita": {"value": 14.5, "scale": 999.9999999999999}, "Pop": "0.608", "Forest_ratio": {"value": 0.57, "scale": 271.4285714285713}, "Animals_capita": {"value": 202130.0, "scale": 10.211697759958817}, "Waste_capita": {"value": 620.253, "scale": 658.8158465695985}}, "Netherlands": {"CO2_capita": {"value": 9.2, "scale": 535.0877192982456}, "Pop": "17.235", "Forest_ratio": {"value": 0.496, "scale": 95.2380952380952}, "Animals_capita": {"value": 4030000.0, "scale": 209.29520640246847}, "Waste_capita": {"value": 515.792, "scale": 434.4165803821154}}, "Poland": {"CO2_capita": {"value": 7.6, "scale": 394.7368421052631}, "Pop": "38.434", "Animals_capita": {"value": 6143083.0, "scale": 319.19443957727333}, "Waste_capita": {"value": 313.565, "scale": 0.0}, "Forest_ratio": {"value": "N/A", "scale": "N/A"}}, "Portugal": {"CO2_capita": {"value": 4.6, "scale": 131.578947368421}, "Pop": "10.282", "Animals_capita": {"value": 1670000.0, "scale": 86.55407872667938}, "Waste_capita": {"value": 485.249, "scale": 368.8052346438562}, "Forest_ratio": {"value": "N/A", "scale": "N/A"}}, "Slovakia": {"CO2_capita": {"value": 5.6, "scale": 219.29824561403504}, "Pop": "5.447", "Forest_ratio": {"value": 0.781, "scale": 773.809523809524}, "Animals_capita": {"value": 446112.0, "scale": 22.9009459856344}, "Waste_capita": {"value": 377.707, "scale": 137.7874779276241}}, "Spain": {"CO2_capita": {"value": 5.1, "scale": 175.43859649122803}, "Pop": "46.726", "Animals_capita": {"value": 6465747.0, "scale": 335.9758561960788}, "Waste_capita": {"value": 464.455, "scale": 324.136331023342}, "Forest_ratio": {"value": "N/A", "scale": "N/A"}}, "Sweden": {"CO2_capita": {"value": 3.8, "scale": 61.40350877192979}, "Pop": "10.183", "Forest_ratio": {"value": 0.722, "scale": 633.3333333333333}, "Animals_capita": {"value": 1448590.0, "scale": 75.03877657468935}, "Waste_capita": {"value": 459.201, "scale": 312.84988206584563}}, "United Kingdom of Great Britain and Northern Ireland": {"CO2_capita": {"value": 5.7, "scale": 228.07017543859646}, "Pop": "66.435", "Forest_ratio": {"value": 0.629, "scale": 411.9047619047619}, "Waste_capita": {"value": 467.061, "scale": 329.7344440768699}, "Animals_capita": {"value": "N/A", "scale": "N/A"}}, "Bulgaria": {"CO2_capita": {"value": 5.7, "scale": 228.07017543859646}, "Pop": "7.024", "Animals_capita": {"value": 557866.0, "scale": 28.713154452702252}, "Waste_capita": {"value": "N/A", "scale": "N/A"}, "Forest_ratio": {"value": "N/A", "scale": "N/A"}}, "Croatia": {"CO2_capita": {"value": 3.8, "scale": 61.40350877192979}, "Pop": "4.116", "Animals_capita": {"value": 450757.0, "scale": 23.142527569555604}, "Waste_capita": {"value": "N/A", "scale": "N/A"}, "Forest_ratio": {"value": "N/A", "scale": "N/A"}}, "Estonia": {"CO2_capita": {"value": 12.4, "scale": 815.7894736842105}, "Pop": "1.321", "Forest_ratio": {"value": 0.763, "scale": 730.952380952381}, "Animals_capita": {"value": 248236.0, "scale": 12.609622519543535}, "Waste_capita": {"value": 392.202, "scale": 168.9251021451557}}, "Latvia": {"CO2_capita": {"value": 3.5, "scale": 35.0877192982456}, "Pop": "1.922", "Forest_ratio": {"value": 0.57, "scale": 271.4285714285713}, "Animals_capita": {"value": 412314.0, "scale": 21.143147412250364}, "Waste_capita": {"value": 436.32, "scale": 263.6977620436765}}, "Lithuania": {"CO2_capita": {"value": 3.7, "scale": 52.631578947368425}, "Pop": "2.79", "Forest_ratio": {"value": 0.591, "scale": 321.42857142857133}, "Animals_capita": {"value": 694752.0, "scale": 35.83245191161245}, "Waste_capita": {"value": 445.086, "scale": 282.52855982849076}}, "Malta": {"CO2_capita": {"value": 3.1, "scale": 0.0}, "Pop": "0.465", "Animals_capita": {"value": 14184.0, "scale": 0.4368231912495562}, "Waste_capita": {"value": "N/A", "scale": "N/A"}, "Forest_ratio": {"value": "N/A", "scale": "N/A"}}, "Romania": {"CO2_capita": {"value": 3.4, "scale": 26.31578947368419}, "Pop": "19.472", "Animals_capita": {"value": 2049700.0, "scale": 106.30187795485612}, "Waste_capita": {"value": "N/A", "scale": "N/A"}, "Forest_ratio": {"value": "N/A", "scale": "N/A"}}, "Slovenia": {"CO2_capita": {"value": 6.6, "scale": 307.01754385964904}, "Pop": "2.067", "Animals_capita": {"value": 488598.0, "scale": 25.110598337513032}, "Waste_capita": {"value": 468.323, "scale": 332.445425916299}, "Forest_ratio": {"value": "N/A", "scale": "N/A"}}, "Iceland": {"Pop": "0.354", "Animals_capita": {"value": 80895.0, "scale": 3.906392415139203}, "Waste_capita": {"value": "N/A", "scale": "N/A"}, "CO2_capita": {"value": "N/A", "scale": "N/A"}, "Forest_ratio": {"value": "N/A", "scale": "N/A"}}, "Norway": {"Pop": "5.314", "Animals_capita": {"value": 861012.0, "scale": 44.479460338466986}, "Waste_capita": {"value": "N/A", "scale": "N/A"}, "CO2_capita": {"value": "N/A", "scale": "N/A"}, "Forest_ratio": {"value": "N/A", "scale": "N/A"}}, "Liechtenstein": {"Pop": "0.038", "Animals_capita": {"value": 5785.0, "scale": 0.0}, "Waste_capita": {"value": "N/A", "scale": "N/A"},