{"Austria": {"CO2_capita": {"value": 7.2, "scale": 359.6491228070175, "absolute": 496.55172413793105, "max": 14.5}, "Pop": 8.847, "Animals_capita": {"value": 2.5590946083418107, "scale": 291.64512425266315, "absolute": 353.88214979272317, "max": 7.231488250652741}, "Waste_capita": {"value": 574.395, "scale": 560.3053828671104, "absolute": 737.2743970765481, "max": 779.079}, "Forest_ratio": {"value": "N/A", "scale": "N/A", "absolute": "N/A", "max": 0.876}}, "Belgium": {"CO2_capita": {"value": 8.1, "scale": 438.59649122807014, "absolute": 558.6206896551724, "max": 14.5}, "Pop": 11.404, "Animals_capita": {"value": 3.141832251841459, "scale": 379.99064533986524, "absolute": 434.46551289879585, "max": 7.231488250652741}, "Waste_capita": {"value": 407.635, "scale": 202.07770335586042, "absolute": 523.2267844467634, "max": 779.079}, "Forest_ratio": {"value": "N/A", "scale": "N/A", "absolute": "N/A", "max": 0.876}}, "Czechia": {"CO2_capita": {"value": 9.6, "scale": 570.1754385964912, "absolute": 662.0689655172414, "max": 14.5}, "Pop": 10.631, "Animals_capita": {"value": 2.3022235913836893, "scale": 252.70237857884868, "absolute": 318.36096686956273, "max": 7.231488250652741}, "Forest_ratio": {"value": 0.876, "scale": 1000.0000000000001, "absolute": 1000.0, "max": 0.876}, "Waste_capita": {"value": 343.083, "scale": 63.40947855488779, "absolute": 440.369975317009, "max": 779.079}}, "Denmark": {"CO2_capita": {"value": 5.8, "scale": 236.84210526315786, "absolute": 399.99999999999994, "max": 14.5}, "Pop": 5.786, "Animals_capita": {"value": 6.086797960594539, "scale": 826.4600523293406, "absolute": 841.7075088305816, "max": 7.231488250652741}, "Forest_ratio": {"value": 0.673, "scale": 516.6666666666667, "absolute": 768.2648401826484, "max": 0.876}, "Waste_capita": {"value": 779.079, "scale": 1000.0000000000001, "absolute": 1000.0, "max": 779.079}}, "Finland": {"CO2_capita": {"value": 8.3, "scale": 456.14035087719304, "absolute": 572.4137931034483, "max": 14.5}, "Pop": 5.518, "Animals_capita": {"value": 1.9081152591518669, "scale": 192.95386848307086, "absolute": 263.8620423644653, "max": 7.231488250652741}, "Forest_ratio": {"value": 0.815, "scale": 854.7619047619047, "absolute": 930.3652968036529, "max": 0.876}, "Waste_capita": {"value": 509.048, "scale": 419.92936839708375, "absolute": 653.3971522785238, "max": 779.079}}, "France": {"CO2_capita": {"value": 4.4, "scale": 114.03508771929826, "absolute": 303.448275862069, "max": 14.5}, "Pop": 65.127, "Animals_capita": {"value": 3.8271152978027554, "scale": 483.8824883725049, "absolute": 529.2292768998561, "max": 7.231488250652741}, "Forest_ratio": {"value": 0.466, "scale": 23.80952380952383, "absolute": 531.9634703196348, "max": 0.876}, "Waste_capita": {"value": 514.227, "scale": 431.0547051216505, "absolute": 660.0447451413785, "max": 779.079}}, "Germany": {"CO2_capita": {"value": 8.9, "scale": 508.7719298245614, "absolute": 613.7931034482758, "max": 14.5}, "Pop": 82.8, "Animals_capita": {"value": 2.6192096135265706, "scale": 300.7588163531301, "absolute": 362.19510047467077, "max": 7.231488250652741}, "Forest_ratio": {"value": 0.75, "scale": 700.0, "absolute": 856.1643835616438, "max": 0.876}, "Waste_capita": {"value": 637.429, "scale": 695.7126960735876, "absolute": 818.1827516850025, "max": 779.079}}, "Greece": {"CO2_capita": {"value": 5.9, "scale": 245.6140350877193, "absolute": 406.89655172413796, "max": 14.5}, "Pop": 10.6, "Animals_capita": {"value": 4.486886792452831, "scale": 583.9066710274876, "absolute": 620.4651984393154, "max": 7.231488250652741}, "Waste_capita": {"value": 485.225, "scale": 368.75367872931866, "absolute": 622.8187385361433, "max": 779.079}, "Forest_ratio": {"value": "N/A", "scale": "N/A", "absolute": "N/A", "max": 0.876}}, "Hungary": {"CO2_capita": {"value": 4.5, "scale": 122.80701754385963, "absolute": 310.3448275862069, "max": 14.5}, "Pop": 9.758, "Animals_capita": {"value": 4.499795039967206, "scale": 585.8636166027409, "absolute": 622.2502041071613, "max": 7.231488250652741}, "Forest_ratio": {"value": 0.583, "scale": 302.3809523809523, "absolute": 665.5251141552511, "max": 0.876}, "Waste_capita": {"value": 387.592, "scale": 159.02207022774826, "absolute": 497.5002535044585, "max": 779.079}}, "Ireland": {"CO2_capita": {"value": 7.9, "scale": 421.0526315789474, "absolute": 544.8275862068965, "max": 14.5}, "Pop": 4.857, "Animals_capita": {"value": 6.513444513073914, "scale": 891.1414958902651, "absolute": 900.7059525383293, "max": 7.231488250652741}, "Forest_ratio": {"value": 0.456, "scale": 0.0, "absolute": 520.5479452054794, "max": 0.876}, "Waste_capita": {"value": 584.664, "scale": 582.3648697998343, "absolute": 750.4553453500865, "max": 779.079}}, "Italy": {"CO2_capita": {"value": 5.4, "scale": 201.75438596491227, "absolute": 372.4137931034483, "max": 14.5}, "Pop": 60.551, "Animals_capita": {"value": 3.23966259847071, "scale": 394.8221446389284, "absolute": 447.99389644009807, "max": 7.231488250652741}, "Waste_capita": {"value": 498.367, "scale": 396.9848382647999, "absolute": 639.6873744511148, "max": 779.079}, "Forest_ratio": {"value": "N/A", "scale": "N/A", "absolute": "N/A", "max": 0.876}}, "Luxembourg": {"CO2_capita": {"value": 14.5, "scale": 999.9999999999999, "absolute": 1000.0, "max": 14.5}, "Pop": 0.608, "Animals_capita": {"value": 0.716735197368421, "scale": 12.335551569371995, "absolute": 99.11309712820535, "max": 7.231488250652741}, "Forest_ratio": {"value": 0.57, "scale": 271.4285714285713, "absolute": 650.6849315068492, "max": 0.876}, "Waste_capita": {"value": 620.253, "scale": 658.8158465695985, "absolute": 796.1362069828606, "max": 779.079}}, "Netherlands": {"CO2_capita": {"value": 9.2, "scale": 535.0877192982456, "absolute": 634.4827586206895, "max": 14.5}, "Pop": 17.235, "Animals_capita": {"value": 7.231488250652741, "scale": 1000.0, "absolute": 1000.0, "max": 7.231488250652741}, "Forest_ratio": {"value": 0.496, "scale": 95.2380952380952, "absolute": 566.2100456621005, "max": 0.876}, "Waste_capita": {"value": 515.792, "scale": 434.4165803821154, "absolute": 662.0535273059601, "max": 779.079}}, "Poland": {"CO2_capita": {"value": 7.6, "scale": 394.7368421052631, "absolute": 524.1379310344827, "max": 14.5}, "Pop": 38.434, "Animals_capita": {"value": 5.486033980329916, "scale": 735.3816614291794, "absolute": 758.6313895807998, "max": 7.231488250652741}, "Waste_capita": {"value": 313.565, "scale": 0.0, "absolute": 402.48164820255715, "max": 779.079}, "Forest_ratio": {"value": "N/A", "scale": "N/A", "absolute": "N/A", "max": 0.876}}, "Portugal": {"CO2_capita": {"value": 4.6, "scale": 131.578947368421, "absolute": 317.24137931034477, "max": 14.5}, "Pop": 10.282, "Animals_capita": {"value": 2.2352655125461975, "scale": 242.55124722174128, "absolute": 309.10172775907284, "max": 7.231488250652741}, "Waste_capita": {"value": 485.249, "scale": 368.8052346438562, "absolute": 622.8495441412232, "max": 779.079}, "Forest_ratio": {"value": "N/A", "scale": "N/A", "absolute": "N/A", "max": 0.876}}, "Slovakia": {"CO2_capita": {"value": 5.6, "scale": 219.29824561403504, "absolute": 386.2068965517241, "max": 14.5}, "Pop": 5.447, "Animals_capita": {"value": 2.4863605654488707, "scale": 280.6183320214872, "absolute": 343.8241865669135, "max": 7.231488250652741}, "Forest_ratio": {"value": 0.781, "scale": 773.809523809524, "absolute": 891.5525114155251, "max": 0.876}, "Waste_capita": {"value": 377.707, "scale": 137.7874779276241, "absolute": 484.81219491219764, "max": 779.079}}, "Spain": {"CO2_capita": {"value": 5.1, "scale": 175.43859649122803, "absolute": 351.7241379310345, "max": 14.5}, "Pop": 46.726, "Animals_capita": {"value": 4.129605401703548, "scale": 529.7412828933939, "absolute": 571.0588551852787, "max": 7.231488250652741}, "Waste_capita": {"value": 464.455, "scale": 324.136331023342, "absolute": 596.1590544732948, "max": 779.079}, "Forest_ratio": {"value": "N/A", "scale": "N/A", "absolute": "N/A", "max": 0.876}}, "Sweden": {"CO2_capita": {"value": 3.8,