{"Austria": {"CO2_capita": {"value": 7.2, "scale": 359.6491228070175, "absolute": 496.55172413793105}, "Pop": "8.847", "Animals_capita": {"value": 1954391.0, "scale": 101.34495671008843, "absolute": 101.61525533602132}, "Waste_capita": {"value": 574.395, "scale": 560.3053828671104, "absolute": 737.2743970765481}, "Forest_ratio": {"value": "N/A", "scale": "N/A", "absolute": "N/A"}}, "Belgium": {"CO2_capita": {"value": 8.1, "scale": 438.59649122807014, "absolute": 558.6206896551724}, "Pop": "11.404", "Animals_capita": {"value": 2385988.0, "scale": 123.79186454122721, "absolute": 124.05541155719753}, "Waste_capita": {"value": 407.635, "scale": 202.07770335586042, "absolute": 523.2267844467634}, "Forest_ratio": {"value": "N/A", "scale": "N/A", "absolute": "N/A"}}, "Czechia": {"CO2_capita": {"value": 9.6, "scale": 570.1754385964912, "absolute": 662.0689655172414}, "Pop": "10.631", "Forest_ratio": {"value": 0.876, "scale": 1000.0000000000001, "absolute": 1000.0}, "Animals_capita": {"value": 1421242.0, "scale": 73.61643574431754, "absolute": 73.89507459064109}, "Waste_capita": {"value": 343.083, "scale": 63.40947855488779, "absolute": 440.369975317009}}, "Denmark": {"CO2_capita": {"value": 5.8, "scale": 236.84210526315786, "absolute": 399.99999999999994}, "Pop": "5.786", "Forest_ratio": {"value": 0.673, "scale": 516.6666666666667, "absolute": 768.2648401826484}, "Animals_capita": {"value": 1545417.0, "scale": 80.07464740920784, "absolute": 80.35134374627597}, "Waste_capita": {"value": 779.079, "scale": 1000.0000000000001, "absolute": 1000.0}}, "Finland": {"CO2_capita": {"value": 8.3, "scale": 456.14035087719304, "absolute": 572.4137931034483}, "Pop": "5.518", "Forest_ratio": {"value": 0.815, "scale": 854.7619047619047, "absolute": 930.3652968036529}, "Animals_capita": {"value": 893178.0, "scale": 46.152380301526065, "absolute": 46.43927982195827}, "Waste_capita": {"value": 509.048, "scale": 419.92936839708375, "absolute": 653.3971522785238}}, "France": {"CO2_capita": {"value": 4.4, "scale": 114.03508771929826, "absolute": 303.448275862069}, "Pop": "65.127", "Forest_ratio": {"value": 0.466, "scale": 23.80952380952383, "absolute": 531.9634703196348}, "Animals_capita": {"value": 19233244.0, "scale": 1000.0, "absolute": 1000.0}, "Waste_capita": {"value": 514.227, "scale": 431.0547051216505, "absolute": 660.0447451413785}}, "Germany": {"CO2_capita": {"value": 8.9, "scale": 508.7719298245614, "absolute": 613.7931034482758}, "Pop": "82.8", "Forest_ratio": {"value": 0.75, "scale": 700.0, "absolute": 856.1643835616438}, "Animals_capita": {"value": 12281195.0, "scale": 638.4312144418043, "absolute": 638.5399675686535}, "Waste_capita": {"value": 637.429, "scale": 695.7126960735876, "absolute": 818.1827516850025}}, "Greece": {"CO2_capita": {"value": 5.9, "scale": 245.6140350877193, "absolute": 406.89655172413796}, "Pop": "10.6", "Animals_capita": {"value": 556000.0, "scale": 28.61610574751453, "absolute": 28.908279851282497}, "Waste_capita": {"value": 485.225, "scale": 368.75367872931866, "absolute": 622.8187385361433}, "Forest_ratio": {"value": "N/A", "scale": "N/A", "absolute": "N/A"}}, "Hungary": {"CO2_capita": {"value": 4.5, "scale": 122.80701754385963, "absolute": 310.3448275862069}, "Pop": "9.758", "Forest_ratio": {"value": 0.583, "scale": 302.3809523809523, "absolute": 665.5251141552511}, "Animals_capita": {"value": 852000.0, "scale": 44.01075565939316, "absolute": 44.29829934045448}, "Waste_capita": {"value": 387.592, "scale": 159.02207022774826, "absolute": 497.5002535044585}}, "Ireland": {"CO2_capita": {"value": 7.9, "scale": 421.0526315789474, "absolute": 544.8275862068965}, "Pop": "4.857", "Forest_ratio": {"value": 0.456, "scale": 0.0, "absolute": 520.5479452054794}, "Animals_capita": {"value": 7363500.0, "scale": 382.66704924452057, "absolute": 382.8527314476954}, "Waste_capita": {"value": 584.664, "scale": 582.3648697998343, "absolute": 750.4553453500865}}, "Italy": {"CO2_capita": {"value": 5.4, "scale": 201.75438596491227, "absolute": 372.4137931034483}, "Pop": "60.551", "Animals_capita": {"value": 5949393.0, "scale": 309.1208255859498, "absolute": 309.3286291173761}, "Waste_capita": {"value": 498.367, "scale": 396.9848382647999, "absolute": 639.6873744511148}, "Forest_ratio": {"value": "N/A", "scale": "N/A", "absolute": "N/A"}}, "Luxembourg": {"CO2_capita": {"value": 14.5, "scale": 999.9999999999999, "absolute": 1000.0}, "Pop": "0.608", "Forest_ratio": {"value": 0.57, "scale": 271.4285714285713, "absolute": 650.6849315068492}, "Animals_capita": {"value": 202130.0, "scale": 10.211697759958817, "absolute": 10.50940756535923}, "Waste_capita": {"value": 620.253, "scale": 658.8158465695985, "absolute": 796.1362069828606}}, "Netherlands": {"CO2_capita": {"value": 9.2, "scale": 535.0877192982456, "absolute": 634.4827586206895}, "Pop": "17.235", "Forest_ratio": {"value": 0.496, "scale": 95.2380952380952, "absolute": 566.2100456621005}, "Animals_capita": {"value": 4030000.0, "scale": 209.29520640246847, "absolute": 209.5330356127131}, "Waste_capita": {"value": 515.792, "scale": 434.4165803821154, "absolute": 662.0535273059601}}, "Poland": {"CO2_capita": {"value": 7.6, "scale": 394.7368421052631, "absolute": 524.1379310344827}, "Pop": "38.434", "Animals_capita": {"value": 6143083.0, "scale": 319.19443957727333, "absolute": 319.39921315405763}, "Waste_capita": {"value": 313.565, "scale": 0.0, "absolute": 402.48164820255715}, "Forest_ratio": {"value": "N/A", "scale": "N/A", "absolute": "N/A"}}, "Portugal": {"CO2_capita": {"value": 4.6, "scale": 131.578947368421, "absolute": 317.24137931034477}, "Pop": "10.282", "Animals_capita": {"value": 1670000.0, "scale": 86.55407872667938, "absolute": 86.82882617201759}, "Waste_capita": {"value": 485.249, "scale": 368.8052346438562, "absolute": 622.8495441412232}, "Forest_ratio": {"value": "N/A", "scale": "N/A", "absolute": "N/A"}}, "Slovakia": {"CO2_capita": {"value": 5.6, "scale": 219.29824561403504, "absolute": 386.2068965517241}, "Pop": "5.447", "Forest_ratio": {"value": 0.781, "scale": 773.809523809524, "absolute": 891.5525114155251}, "Animals_capita": {"value": 446112.0, "scale": 22.9009459856344, "absolute": 23.194839102545572}, "Waste_capita": {"value": 377.707, "scale": 137.7874779276241, "absolute": 484.81219491219764}}, "Spain": {"CO2_capita": {"value": 5.1, "scale": 175.43859649122803, "absolute": 351.7241379310345}, "Pop": "46.726", "Animals_capita": {"value": 6465747.0, "scale": 335.9758561960788, "absolute": 336.17558223667316}, "Waste_capita": {"value": 464.455, "scale": 324.136331023342, "absolute": 596.1590544732948}, "Forest_ratio": {"value": "N/A", "scale": "N/A", "absolute": "N/A"}}, "Sweden": {"CO2_capita": {"value": 3.8, "scale": 61.40350877192979, "absolute": 262.06896551724134}, "Pop": "10.183", "Forest_ratio": {"value": 0.722, "scale": 633.3333333333333, "absolute": 824.200913242009}, "Animals_capita": {"value": 1448590.0, "scale": 75.03877657468935, "absolute": 75.31698760749876}, "Waste_capita": {"value": 459.201, "scale": 312.84988206584563, "absolute": 589.4151940945655}}, "United Kingdom": {"CO2_capita": {"value": 5.7, "scale": 228.07017543859646, "absolute": 393.1034482758621}, "Pop": "66.435", "Forest_ratio": {"value": 0.629, "scale": 411.9047619047619, "absolute": 718.0365296803653}, "Waste_capita": {"value": 467.061, "scale": 329.7344440768699, "absolute": 599.5040297582145}, "Animals_capita": {"value": "N/A", "scale": "N/A", "absolute": "N/A"}}, "Bulgaria": {"CO2_capita": {"value": 5.7, "scale": 228.07017543859646, "absolute": 393.1034482758621}, "Pop": "7.024", "Animals_capita": {"value": 557866.0, "scale": 28.713154452702252, "absolute": 29.00529936603518}, "Waste_capita": {"value": "N/A", "scale": "N/A", "absolute": "N/A"}, "Forest_ratio": {"value": "N/A", "scale": "N/A", "absolute": "N/A"}}, "Croatia": {"CO2_capita": {"value": 3.8, "scale": 61.40350877192979, "absolute": 262.06896551724134}, "Pop": "4.116", "Animals_capita": {"value": 450757.0, "scale": 23.142527569555604,